Encomenda  177110;
2025-07-14;
n/ ref;qnt;qntBonus;v/ ref;ean;descri��o;
002115VY_01;338;0;6565465;3337871320324;Vichy: Desodorizante Antitranspirante 48H Pele Sensivel 50mL;
001957RP_02;223;0;7127290;3337875816847;La Roche Posay: Cicaplast Baume B5+ 100mL;
001957RP_01;94;0;7127282;3337875816809;La Roche Posay: Cicaplast Baume B5+ 40mL;
002113VY_01;90;0;6896613;3337871324001;Vichy: Stress Resist Antitranspirante Intensivo 72H 50mL;
002100VY_01;154;0;6534811;3337871320300;Vichy: Desodorizante Antitranspirante 48H Transpira��o Intensa 50mL;
007772VE_01;242;0;6031864;3337875597197;CeraVe: Gel Espuma de Limpeza para Rosto e Corpo Pele Normal a Oleosa 236mL;
009688RP_01;113;0;7103077;3337875797597;La Roche Posay: Anthelios UVmune 400 Fluido de Rosto 50mL SPF50+;
019342RP_01;64;0;7290213;3337872411991;La Roche Posay: Effaclar + M Gel Purificante 400mL;
001937RP_01;7;0;7103168;3337875777797;La Roche Posay: Effaclar H Isobiome Hidratante para Peles Oleosas Fragilizadas 40mL;
002476VY_01;130;0;6946947;3337871320362;Vichy: Homme Roll-On Antitranspirante 72H 50mL;
007778VE_02;168;0;6031948;3337875597395;CeraVe: Lo��o Hidratante para Rosto e Corpo Pele Seca a Muito Seca 473mL;
018812RP_01;4;0;7289496;3337875863377;La Roche Posay: Effaclar Duo [+] M 40mL No Color;
007777VE_02;224;0;6031997;3337875597388;CeraVe: Creme Hidratante de Rosto e Corpo Pele Seca a Muito Seca 454g;
007428RP_01;12;0;7103051;3337875797719;La Roche Posay: Anthelios Ultra UVmune 400 50mL No Color SPF50+;
015366VY_01;98;0;7111294;3337875804431;Vichy: Clinical Control 96H Antitranspirante 96H 50mL;
016806VE_01;144;0;7078840;3337875784054;CeraVe: Gel de Limpeza para Controlo de Imperfei��es 236mL;
002116VY_01;42;0;6917229;3337871324599;Vichy: Desodorizante Antitranspirante 48H Antimanchas 50mL;
007773VE_01;136;0;6031807;3337875597180;CeraVe: Creme Hidratante para Limpeza de Rosto e Corpo Pele Normal Seca 236mL;
011219VE_01;129;0;6323055;3337875684118;CeraVe: Cuidado de Limpeza Esfoliante com �cido Salic�lico 236mL;
011219VE_02;117;0;7087890;3337875795456;CeraVe: Cuidado de Limpeza Esfoliante com �cido Salic�lico 473mL;
017771RP_01;24;0;7260018;3337875847292;La Roche Posay: Anthelios UVmune 400 Oil-Control Fluido 50mL No Color SPF50+;
016808VE_01;132;0;7127498;3337875829007;CeraVe: Serum Retinol Antimarcas 30mL;
001963RP_02;70;0;6347104;3337875696548;La Roche Posay: Lipikar Baume AP+M B�lsamo Relipidante de Corpo Anti-Irrita��es 400mL;
005845RP_01;67;0;6964254;3337875876940;La Roche Posay: Cicaplast Baume B5 B�lsamo Protetor Solar Pele Lesada em Cicatriza��o 40mL SPF50;
019342RP_04;66;0;7290221;3337872411083;La Roche Posay: Effaclar + M Gel Purificante 200mL;
007778VE_01;106;0;6031930;3337875597210;CeraVe: Lo��o Hidratante para Rosto e Corpo Pele Seca a Muito Seca 236mL;
007772VE_02;81;0;6031880;3337875597357;CeraVe: Gel Espuma de Limpeza para Rosto e Corpo Pele Normal a Oleosa 473mL;
001505DE_01;29;0;6876607;3337871330286;Dercos: Shampoo Anticaspa Oleosa 200mL;
011220VE_02;131;0;6323071;3337875684101;CeraVe: Cuidado Hidratante com �cido Salic�lico 340g;
009986VY_02;123;0;6259788;3337875663083;Vichy: Normaderm Phytosolution Gel de Limpeza Purificante 400mL;
015153RP_01;9;0;7080861;3337875757669;La Roche Posay: Toleriane Dermallergo Flu�do Hidratante Peles Intolerantes 40mL;
007783VE_01;44;0;6032045;3337875597319;CeraVe: Creme de M�os Reparador e Protetor para Pele Normal a Seca 50mL;
007781VE_01;45;0;6032029;3337875597272;CeraVe: Creme para Contorno de Olhos Reparador 14mL;
020059RP_01;21;0;7311159;3337875890069;La Roche Posay: Mela B3 Gel Micro Peeling 200mL;
007778VE_03;82;0;6031955;3337875598750;CeraVe: Lo��o Hidratante para Rosto e Corpo Pele Seca a Muito Seca 1000mL;
007477VY_01;182;0;6045849;3337875585750;Vichy: Homme Roll-On Antitranspirante Anti-Manchas 48H 50mL;
001505DE_03;51;0;7079061;3337875787192;Dercos: Shampoo Anticaspa Oleosa 500mL Refill;
012832RP_01;27;0;6347294;3337875708289;La Roche Posay: Effaclar Gel Purificante com Efeito Micropeeling Rosto e Corpo 400mL;
013663VE_01;74;0;6500843;3337875743563;CeraVe: Creme Espuma Hidratante Limpeza Pele Normal 236mL;
019329RP_01;79;0;7278150;3337875852302;La Roche Posay: Lipikar Leite Ureia 10% 400mL;
001503DE_02;14;0;6865063;3337871322243;Dercos: Shampoo Estimulante Antiqueda 400mL;
007780VE_01;113;0;6032011;3337875597449;CeraVe: Lo��o Facial Hidratante para Pele Normal a Seca 52mL;
001503DE_03;32;0;7135715;3337875828277;Dercos: Shampoo Estimulante Antiqueda 500mL Refill;
001952RP_01;3;0;6926907;3337872414152;La Roche Posay: Pigmentclar Contorno Olhos Antiolheiras 15mL;
013651RP_01;17;0;6268441;3337875694469;La Roche Posay: Retinol B3 S�rum Anti-Idade 30mL;
009981RP_01;48;0;7525048;3337875909235;La Roche Posay: Pure Vitamin C12 S�rum Antioxidante 30mL;
007773VE_02;62;0;6031823;3337875597333;CeraVe: Creme Hidratante para Limpeza de Rosto e Corpo Pele Normal Seca 473mL;
001504DE_01;52;0;6876599;3337871330262;Dercos: Shampoo Anticaspa Seca 200mL;
021890VE_01;73;0;7404988;3337875904520;CeraVe: Oil Control Gel-Creme Hidratante Facial 52mL;
001890RP_01;42;0;6554485;3433422401907;La Roche Posay: Respectissime Desmaquilhante de Olhos Waterproof 125mL;
008494RP_01;92;0;6047878;3337875588676;La Roche Posay: Toleriane Sensitive Flu�do Pr�biotico Pele Mista 40mL;
012795RP_02;9;0;6353672;3337875706674;La Roche Posay: Anthelios Mineral One Protetor Solar 30mL T02 SPF50;
005861RP_01;26;0;6385849;3337875722827;La Roche Posay: Effaclar S�rum Corretor Anti-Idade para Pele Oleosa com Tend�ncia a Acne 30mL;
005847DE_01;11;0;7006775;3337875522786;Dercos: Aminexil Clinical 5 Anti-Queda para Mulher Ampolas 21&nbsp;
007772VE_03;45;0;6031898;3337875598774;CeraVe: Gel Espuma de Limpeza para Rosto e Corpo Pele Normal a Oleosa 1000mL;
020338VE_01;56;0;7252361;3337875849326;CeraVe: B�lsamo Reparador Avan�ado 50mL;
006652VY_03;55;0;6259762;3337875609418;Vichy: Mineral 89 Concentrado de Hidrata��o 75mL;
007777VE_03;46;0;6031989;3337875597227;CeraVe: Creme Hidratante de Rosto e Corpo Pele Seca a Muito Seca 340g;
014280RP_01;85;0;6670240;3337875761123;La Roche Posay: Anthelios Leite Hidratante 250mL SPF50+;
001977RP_01;32;0;6994590;3337875537315;La Roche Posay: Lipikar Syndet AP+ 400mL;
002127VY_04;21;0;6583831;3337871316624;Vichy: Dermablend Base Fluida 30mL 45 Gold;
008472RP_01;5;0;6047860;3337875578486;La Roche Posay: Toleriane Sensitive Creme Pr�biotico Pele Normal 40mL;
001991RP_03;6;0;7260000;3337875545891;La Roche Posay: Anthelios Gel-Creme Protetor Solar Toque Seco 50mL Tinted SPF50+;
015368VY_01;31;0;7099887;3337875796583;Vichy: Liftactiv Supreme S�rum Vitamina C 20mL;
007782VE_01;29;0;6032037;3337875597296;CeraVe: Creme de P�s Renovador para Pele Seca e Aspera 88mL;
001506DE_01;36;0;6887752;3337871323394;Dercos: Shampoo Anticaspa Couro Cabeludo Sens�vel 200mL;
015152RP_01;4;0;7080853;3337875757515;La Roche Posay: Toleriane Dermallergo Creme Contorno de Olhos 20mL;
001504DE_02;12;0;6964643;3337875492799;Dercos: Shampoo Anticaspa Seca 390mL;
001897RP_02;25;0;7254201;3337875863964;La Roche Posay: Toleriane Teint Base Fluida 30mL 13 Beige Sabl�;
009984VY_01;25;0;6259796;3337875660617;Vichy: Normaderm Phytosolution Cuidado de Dupla A��o 50mL;
001863RP_01;3;0;6506006;3337875731638;La Roche Posay: Hydraphase Intense Ligeiro 50mL;
006652VY_01;45;0;;3337875543248;Vichy: Mineral 89 Concentrado de Hidrata��o 50mL;
006266RP_01;12;0;6891762;3337872413148;La Roche Posay: Physiologique Espuma de �gua Micelar para Limpeza Pele Sens�vel 150mL;
002013RP_03;47;0;7304816;3337875886055;La Roche Posay: Anthelios Uvmune 400 Dermo-Pediatrico Spray 200mL SPF50;
001505DE_02;12;0;6948687;3337871331290;Dercos: Shampoo Anticaspa Oleosa 390mL;
014267RP_01;3;0;6670984;3337875761031;La Roche Posay: Anthelios Age Correct Protetor Solar 50mL No Color SPF50;
011174SK_01;2;0;6253393;3606000481282;Skinceuticals: S�rum Discoloration Defense 30mL;
018812RP_03;71;0;7439240;3337875909280;La Roche Posay: Effaclar Duo [+] M 40mL Medium;
008499VE_01;25;0;6031906;3337875597203;CeraVe: �gua Micelar Pele Sens�vel 296mL;
001977RP_04;33;0;6386961;3337875735766;La Roche Posay: Lipikar Syndet Ap + 400mL Refill;
006775RP_01;6;0;6994509;3337872412516;La Roche Posay: Effaclar �gua Micelar Ultra 400mL;
002024RP_02;19;0;6934604;3337872414282;La Roche Posay: Kerium Shampoo-Gel Suavidade Extrema 400mL;
017771RP_02;4;0;7260026;3337875847087;La Roche Posay: Anthelios UVmune 400 Oil-Control Fluido 50mL Tinted SPF50+;
007773VE_03;41;0;6031815;3337875598767;CeraVe: Creme Hidratante para Limpeza de Rosto e Corpo Pele Normal Seca 1000mL;
009550RP_08;20;0;7329730;3337875905466;La Roche Posay: Lipikar �leo Lavante Ap+ para Pele At�pica 1000mL;
001971RP_03;39;0;7329748;3337875905480;La Roche Posay: Lipikar Gel Lavante 1000mL 1&nbsp;
001897RP_01;15;0;7254193;3337875863926;La Roche Posay: Toleriane Teint Base Fluida 30mL 11 Beige Clair;
002011RP_06;28;0;7304808;3337875888851;La Roche Posay: Anthelios Dermo-Pediatrico Lo��o Hidratante 250mL SPF50+;
006264RP_02;13;0;6994533;3337872411595;La Roche Posay: �gua Micelar Ultra 400mL;
013663VE_04;42;0;7289876;3337875884365;CeraVe: Creme Espuma Hidratante Limpeza Pele Normal 473mL;
007779VE_02;18;0;7115196;3337875814652;CeraVe: Lo��o Facial Hidratante para Pele Normal a Seca 52mL SPF50;
000132SK_01;7;0;6892356;0635494349207;Skinceuticals: Ultra Prote��o Facial 30mL SPF50;
015151RP_01;16;0;7080879;3337875757614;La Roche Posay: Toleriane Dermallergo Creme Pele Al�rgica e Intolerante 40mL;
020056RP_01;8;0;7270579;3337875545822;La Roche Posay: Toleriane Gel Moussant Dupla Limpeza 400mL;
001504DE_03;33;0;7079053;3337875787208;Dercos: Shampoo Anti-Caspa Seca 500mL Refill;
002106VY_01;25;0;6565390;3337871310455;Vichy: Desodorizante Antitranspirante em Creme 7 Dias 30mL;
015367VY_01;3;0;7080259;3337875734905;Vichy: Liftactiv Specialist S�rum B3 30mL;
001934RP_01;9;0;7104109;3337875777773;La Roche Posay: Effaclar H Isobiome Creme Lavante Peles Oleosas Fragilizadas 400mL;
002094VY_01;27;0;6867259;3337875824033;Vichy: Neovadiol Contorno de Olhos e L�bios 15mL;
010644VY_01;6;0;6256875;3337875596763;Vichy: Mineral 89 Olhos Concentrado Hidratante e Fortificante 15mL;
018812RP_02;17;0;7439232;3337875909303;La Roche Posay: Effaclar Duo [+] M 40mL Light;
001900RP_01;1;0;6038240;3337872412042;La Roche Posay: Toleriane Teint Mineral P� Compacto 9,5g 11 Beige Clair;
002127VY_01;3;0;6583849;3337871316594;Vichy: Dermablend Base Fluida 30mL 15 Opal;
007476RP_01;19;0;7484535;3337875545778;La Roche Posay: Toleriane Caring Wash Gel de Limpeza Anti-Desconforto 400mL;
017540RP_01;3;0;7135442;3337875807043;La Roche Posay: Toleriane Rosaliac Ar Concentrado 40mL;
022604VE_01;36;0;7404954;3337875904322;CeraVe: Lo��o Hidratante Intensiva para Pele Muito Seca 473mL;
007777VE_07;45;0;;3337875905626;CeraVe: Creme Hidratante de Rosto e Corpo Pele Seca a Muito Seca 454g Refill;
001881RP_02;5;0;6849216;3337872411830;La Roche Posay: Toleriane Dermo-Nettoyant Limpeza Peles Intolerantes 400mL;
020336VE_01;20;0;7287631;3606000560833;CeraVe: S�rum Hidratante de �cido Hialur�nico 30mL;
002084VY_01;19;0;6884809;3337875414067;Vichy: Normaderm 3 em 1 Esfoliante Creme de Limpeza e M�scara Purificante 125mL;
017770RP_01;2;0;7127316;3337875806923;La Roche Posay: Hyalu B5 S�rum de Olhos 15mL;
014267RP_02;15;0;6670976;3337875764353;La Roche Posay: Anthelios Age Correct Protetor Solar 50mL Tinted SPF50;
003358VY_01;12;0;6882498;3337871322571;Vichy: Homme Hydra Mag C Hidratante Anti-Fadiga 50mL;
001879RP_01;8;0;6907576;3337872413575;La Roche Posay: Nutritic Intense Rico Cuidado Nutritivo Peles Muito Secas 50mL;
016807VE_01;13;0;7078857;3337875782357;CeraVe: Gel Controlo de Imperfei��es 40mL;
017336VY_01;20;0;7247957;3337875832724;Vichy: Liftactiv B3 Creme de Dia com Antimanchas 50mL SPF50;
014280RP_02;24;0;7259945;3337875847353;La Roche Posay: Anthelios Leite Hidratante 75mL SPF50+;
017539RP_01;5;0;7135434;3337875806961;La Roche Posay: Toleriane Rosaliac Ar 40mL SPF30;
002491VY_01;17;0;6862508;3337871318888;Vichy: Homme Sensi Baume B�lsamo After-Shave 75mL;
008345VY_01;8;0;6086280;3337875607254;Vichy: Liftactiv Collagen Specialist 16 Creme Dia 50mL;
002085VY_01;15;0;6955674;3337875414111;Vichy: Normaderm Hidratante Anti-Imperfei��es 50mL;
014277VY_01;13;0;6633487;3337875762298;Vichy: Capital Soleil Fluido aquoso corrector UV-Age Daily Photo-Age 40mL No Color SPF50+;
008493RP_01;5;0;6047977;3337875588348;La Roche Posay: Toleriane Sensitive Creme Rico Prebi�tico para Pele Seca 40mL;
002200VY_01;11;0;6916924;3337871324445;Vichy: Capital Soleil Creme Untuoso 50mL SPF50+;
015394RP_02;1;0;7098632;3337875803786;La Roche Posay: Lipikar Baume AP+M B�lsamo Ligeiro 400mL;
002207VY_01;20;0;6931931;3337871325787;Vichy: Capital Soleil Bb Emuls�o com Cor Toque Seco 50mL SPF50+;
002043VY_02;5;0;6815258;3337871321994;Vichy: Puret� Thermale Desmaquilhante Integral 3 em 1 300mL;
001897RP_03;8;0;7254227;3337875863988;La Roche Posay: Toleriane Teint Base Fluida 30mL 15 Dor�;
009582VY_03;10;0;6876714;3337871322694;Vichy: Capital Soleil Beach Protect Leite Multiprote��o para Corpo 300mL SPF50+;
006245RP_01;17;0;7468108;3337875549530;La Roche Posay: Anthelios Bruma Fresca Invisivel Pele Oleosa Anti-Brilho 75mL SPF50;
014277VY_02;11;0;7098004;3337875795265;Vichy: Capital Soleil UV-Age Flu�do Aquoso Antifotoenvelhecimento 40mL Light SPF50+;
005336VY_03;14;0;6960336;3337871332310;Vichy: Dermablend 3d Correction Base de Maquilhagem 30mL 35;
007772VE_04;32;0;;3337875905596;CeraVe: Gel Espuma de Limpeza para Rosto e Corpo Pele Normal a Oleosa 473mL Refill;
013665SK_01;3;0;6366765;3606000555075;Skinceuticals: Tripeptide-r Neck Repair Antienvelhecimento Pesco�o e Decote 50mL;
006960RP_01;49;0;7256644;3337875845434;La Roche Posay: Anthelios Wet Skin Gel SPF50 Corpo e Rostoecotube 200 mL 200mL SPF50;
019330VY_01;1;0;7271478;3337875860222;Vichy: Neovadiol Creme de dia 50mL SPF50;
002035RP_01;10;0;6822882;3337872410147;La Roche Posay: Toleriane L�pis Contorno de Olhos Cor Intensa 5g Black;
019342RP_05;19;0;6388041;3337875876407;La Roche Posay: Effaclar + M Gel Purificante 400mL Refill;
015369RP_01;13;0;7089383;3337875798181;La Roche Posay: Anthelios 100 Ka+ Med Creme 50mL;
002045RP_01;7;0;7254243;3337872420269;La Roche Posay: Rosaliac Geleia Micelar Desmaquilhante Antivermelhid�o Rosto e Olhos 195mL;
001862RP_01;8;0;6506014;3337875731409;La Roche Posay: Hydraphase Intense Rico 50mL;
014557RP_01;5;0;6724252;3337875760201;La Roche Posay: Hyalu B5 Aquagel Preven��o Fotoenvelhecimento 50mL SPF30;
009550RP_06;8;0;6255596;3337875656757;La Roche Posay: Lipikar �leo Lavante AP+ para Pele At�pica 750mL;
009550RP_07;13;0;6386953;3337875735759;La Roche Posay: Lipikar �leo Lavante Ap + para Pele At�pica 400mL Refill;
001847RP_02;4;0;6479824;3433422404403;La Roche Posay: �gua Termal 300mL;
005345DE_01;18;0;6974121;3337875486736;Dercos: Shampoo Ultra-Apaziguante para Cabelo Seco 200mL;
007778VE_05;33;0;;3337875905633;CeraVe: Lo��o Hidratante para Rosto e Corpo Pele Seca a Muito Seca 473mL Refill;
022903VY_01;7;0;7523548;3337875912600;Vichy: Liftactiv Collagen Specialist 16 S�rum 30mL;
015513VY_01;1;0;7094375;3337875791984;Vichy: Normaderm S�rum Probio Bha Anti-Imperfei��es 30mL;
012797RP_01;4;0;6354597;3337875696821;La Roche Posay: Anthelios Spray Protector Solar 200mL SPF30;
014264RP_01;23;0;7304824;3337875886307;La Roche Posay: Anthelios Dermo-Pediatrics Flu�do Hidratante 50mL SPF50+;
006354VY_01;7;0;7259564;3337871323332;Vichy: Liftactiv Ha Cuidado de Olhos Antirrugas Refirmante 15mL;
002480VY_01;2;0;6923748;3337871318901;Vichy: Homme Sensi Shave Espuma de Barbear Anti-Irrita��es 200mL;
012950VY_01;8;0;6242511;3337875660648;Vichy: Normaderm Phytosolution Pasta de Enxofre S.O.S. 20mL;
002030RP_01;16;0;6062919;3337875632676;La Roche Posay: Toleriane M�scara de Pestanas Waterproof 5,9g Black;
013516VY_01;4;0;6391342;3337875722520;Vichy: Liftactiv Collagen Specialist 16 Creme Noite 50mL;
020066VY_01;7;0;7289488;3337875873086;Vichy: Liftactiv Creme B3 Retinol Puro Noite 50mL;
005844RP_01;12;0;6955641;3337875451789;La Roche Posay: Lipikar Fluido de Corpo Hidratante e Apaziguante 750mL;
011363DE_01;2;0;6334458;3337875673914;Dercos: Kera-Solutions M�scara Reconstituinte 200mL;
001847RP_01;1;0;6464131;3433422404397;La Roche Posay: �gua Termal 150mL;
014279VY_01;16;0;6345421;3337875695152;Vichy: Capital Soleil �gua Protetora Bronze Solar 200mL SPF50;
001865RP_01;9;0;7260802;3337875846110;La Roche Posay: Hydraphase Ha UV Intense Ligeiro 50mL SPF25;
007219RP_01;4;0;6044982;3337875583589;La Roche Posay: Hyalu B5 Creme Antienvelhecimento, Preenchedor Anti-Rugas 40mL;
022602RP_01;8;0;7421818;3337875909792;La Roche Posay: Lipikar Gel Ureia 30% 50mL;
001897RP_04;7;0;7254235;3337875864008;La Roche Posay: Toleriane Teint Base Fluida 30mL 16 Hal�;
001900RP_03;4;0;6038273;3337872412066;La Roche Posay: Toleriane Teint Mineral P� Compacto 9,5g 15 Dor�;
007023DE_01;5;0;6363481;3337875677967;Dercos: Densi Solutions B�lsamo Capilar Redensificante 200mL;
001997RP_01;8;0;6948257;3337872420153;La Roche Posay: Anthelios XL Bruma Invis�vel 200mL SPF50+;
002249VY_01;3;0;7259556;3337871322502;Vichy: Liftactiv H.a. Creme Antirrugas Refirmante Noite 50mL;
015364VY_01;16;0;7104158;3337875810869;Vichy: Capital Soleil Cell Protect UV Spray 200mL SPF50+;
001864RP_01;8;0;7260794;3337875846097;La Roche Posay: Hydraphase Ha UV Intense Rico 50mL SPF25;
005346DE_01;2;0;6974147;3337875485128;Dercos: Shampoo Ultra-Apaziguante Cabelo Oleoso 200mL;
002038RP_01;7;0;6101048;0000030079915;La Roche Posay: Silicium Top Coat Verniz Fortificante e Protetor 7mL;
003353VY_01;8;0;6947390;3337871330569;Vichy: Puret� Thermal Lo��o T�nica Aperfei�oadora 200mL;
014260VY_01;2;0;6533281;3337875734387;Vichy: Neovadiol Rose Platinium Contorno de Olhos 15mL;
007773VE_05;9;0;;3337875905602;CeraVe: Creme Hidratante para Limpeza de Rosto e Corpo Pele Normal Seca 473mL Refill;
012796RP_01;7;0;6354589;3337875696838;La Roche Posay: Anthelios Spray Protector Solar 200mL SPF50+;
016806VE_03;12;0;7537696;3337875923866;CeraVe: Gel de Limpeza para Controlo de Imperfei��es 473mL;
002481VY_01;5;0;6923755;3337871318895;Vichy: Homme Gel de Barbear Anti-Irrita��es 150mL;
017774RP_01;9;0;7254342;3337875845489;La Roche Posay: Anthelios Dermo-Pediatrics Wet Skin Eco Tube 200mL SPF50;
001511DE_01;2;0;7273771;3337875859325;Dercos: Shampoo Mineral Suave Uso Frequente 200mL;
021212RP_01;4;0;7345827;3337875886024;La Roche Posay: Anthelios Post-Uv After-Sun 200mL;
002040RP_02;4;0;6838359;0000030077263;La Roche Posay: Silicium Pastel Care 6mL 02 Rose;
002240VY_01;5;0;6931907;3337871325770;Vichy: Capital Soleil Hydramist Bruma Invis�vel SPF50 200 mL 200mL SPF50;
015365VY_01;5;0;7104141;3337875810890;Vichy: Capital Soleil Cell Protect UV Spray 200mL SPF30;
002040RP_12;2;0;6838300;30076815;La Roche Posay: Silicium Color Care 6mL 24 Rouge Parfais;
022475RP_01;1;0;7254441;3337872420658;La Roche Posay: Toleriane L�pis para sobrancelhas 1&nbsp;
010239BD_01;323;0;6284711;3701129800096;Bioderma: Pigmentbio �reas Sens�veis 75mL;
000296BD_03;247;0;7479402;5600757718347;Bioderma: Atoderm Creme Ultra de Corpo Peles Sens�veis 2x500 mL No Fragrance;
000251BD_01;179;0;6541755;3401348840421;Bioderma: S�bium Hydra Creme Hidratante Pele Oleosa 40mL;
011229BD_02;61;0;7123562;3701129800553;Bioderma: Pigmentbio Esfoliante 500mL;
000227BD_03;107;0;6981845;3401399277092;Bioderma: Sebium Gel de Limpeza Pele Oleosa 500mL;
006274BD_01;102;0;7478628;3401381507565;Bioderma: Sensibio Gel de Limpeza Suavizante para Pele Sens�vel 200mL;
000296BD_02;109;0;7260711;3701129805343;Bioderma: Atoderm Creme Ultra Corpo Peles Sens�veis 500mL No Fragrance;
000245BD_01;100;0;6569954;3401397240470;Bioderma: Sensibio DS+ Creme Dermatite Seborreica 40mL;
006274BD_03;62;0;6284612;3701129800843;Bioderma: Sensibio Gel de Limpeza Suavizante para Pele Sens�vel 500 mL;
000234BD_04;108;0;6881821;3401399372926;Bioderma: Atoderm Gel Douche Suave 1 L;
015297BD_01;42;0;7245241;3701129804377;Bioderma: Photoderm Aquafluide Rosto 40mL SPF50;
018364BD_01;51;0;7291443;3701129807835;Bioderma: Sensibio �leo de limpeza micelar 150mL;
005442BD_01;140;0;6980912;3401329447809;Bioderma: Hydrabio Gel-Creme Hidratante Pele Desidratada Normal Mista 40mL;
000223BD_02;47;0;6921353;3401397163496;Bioderma: Cicabio Creme Cicatrizante 100mL;
005440BD_01;40;0;6980888;3401347869775;Bioderma: Hydrabio S�rum para Peles Sensiveis Desidratadas 40mL;
011229BD_01;59;0;6284679;3701129800546;Bioderma: Pigmentbio Esfoliante 200mL;
003485BD_05;15;0;6045724;5600757718118;Bioderma: Atoderm Intensive B�lsamo Calmante Pele At�pica 2x500 mL;
003509BD_01;3;0;6923490;3401360147508;Bioderma: S�bium Global Tratamento Intensivo Anti-Acne 30mL;
008210BD_01;71;0;6239590;3701129812112;Bioderma: Sensibio H2O Toalhetes de Limpeza Suave 25&nbsp;un.;
015298BD_02;15;0;7119545;3701129804384;Bioderma: Photoderm Aquafluide Protetor Ultra-Fluido 40mL Light SPF50;
000239BD_01;96;0;6809442;3401343696245;Bioderma: Sensibio AR+ Creme 40mL;
003515BD_01;96;0;6894261;3701129811399;Bioderma: Cicabio Arnica Reabsor��o de Hematomas Pisaduras e Incha�os 40mL;
000221BD_08;55;0;6865097;3401395376706;Bioderma: Sensibio H2O Solu��o Micelar 100mL Normal;
003510BD_01;13;0;6880831;3401361353625;Bioderma: S�bium Pore Refiner Corretor de Poros Dilatados 30mL;
010243BD_01;55;0;6284687;3701129800072;Bioderma: Pigmentbio Cuidado Di�rio 40mL SPF50;
008211BD_01;72;0;6239525;3401320655418;Bioderma: Sensibio T�nico Suave para Pele Sens�vel 250mL;
012503BD_01;38;0;6284695;3701129800089;Bioderma: Pigmentbio Night Renewer Cuidado de Noite Antimanchas 50mL;
020334BD_01;168;0;7400812;3701129807309;Bioderma: Photoderm Pediatrics Protetor Solar Mineral 50g SPF50+;
015303BD_04;98;0;7266619;3701129807248;Bioderma: Photoderm Spray Protetor Solar de Corpo 300mL SPF50+;
023603BD_01;194;0;7537290;3701129813614;Bioderma: Photoderm Xdefense Ultra-Fluid Protetor Solar 40mL NO COLOR SPF50+;
005989BD_01;43;0;6981837;3401528519895;Bioderma: Atoderm �leo de Duche Nutritivo Anti-Irrita��es 200mL;
000223BD_01;47;0;6837666;3401347869546;Bioderma: Cicabio Creme Cicatrizante 40mL;
000244BD_01;51;0;6569962;3401397240531;Bioderma: Sensibio DS+ Gel Limpeza Dermatite Seborreica 200mL;
000260BD_01;19;0;6852483;3701129801000;Bioderma: Atoderm B�lsamo Labial 15mL;
003514BD_01;8;0;7487520;3701129810088;Bioderma: Cicabio Creme+ 30mL SPF50;
013072BD_01;26;0;6386391;3701129801963;Bioderma: Atoderm Intensive Eye Cuidado para Eczema da P�lpebra 100mL;
006274BD_04;21;0;6386573;3701129800850;Bioderma: Sensibio Gel de Limpeza Suavizante para Pele Sens�vel 100mL;
015299BD_02;35;0;7119859;3701129803448;Bioderma: Photoderm Nude Touch Protetor Mineral 40mL Light SPF50+;
000279BD_01;87;0;7266577;3701129807316;Bioderma: Photoderm Pediatrics Spray 200mL SPF50+;
000221BD_01;49;0;6576678;3401575390447;Bioderma: Sensibio H2O Solu��o Micelar 250mL Normal;
005989BD_02;37;0;6981852;3401528520846;Bioderma: Atoderm �leo de Duche Nutritivo Anti-Irrita��es 1000mL;
017330BD_01;43;0;7244343;3701129804995;Bioderma: Sensibio Defensive S�rum 30mL;
015302BD_01;110;0;7119644;3701129803639;Bioderma: Photoderm Leite Ultra 200mL SPF50+;
000224BD_02;1;0;6287516;3701129800225;Bioderma: Cicabio Lo��o Cicatrizante Spray 40mL;
015299BD_01;10;0;7119685;3701129803455;Bioderma: Photoderm Nude Touch Protetor Mineral 40mL Very Light SPF50+;
011358BD_01;37;0;6284703;3701129800119;Bioderma: Pigmentbio C-Concentrate Corretor de Pigmenta��o 15mL;
000296BD_04;27;0;7260703;3701129805329;Bioderma: Atoderm Creme Ultra Corpo Peles Sens�veis 200mL No Fragrance;
015307BD_01;49;0;7119982;3701129803721;Bioderma: Photoderm Protetor Mineral Fluido 75g SPF50+;
000237BD_01;36;0;6595520;3401346673335;Bioderma: Sensibio Gel Contorno de Olhos Sens�veis 15mL;
011223BD_01;27;0;6284729;3701129800102;Bioderma: Pigmentbio H2O �gua Micelar 250mL;
003485BD_02;43;0;6936328;3701129802076;Bioderma: Atoderm Intensive B�lsamo Calmante Pele At�pica 500mL;
000234BD_01;22;0;6869784;3401399372407;Bioderma: Atoderm Gel Douche Suave 500mL;
015311BD_01;70;0;7119610;3701129803837;Bioderma: Photoderm P�s-Solar Gel-Creme 500mL;
000286BD_03;9;0;6229468;5600757718682;Bioderma: ABCDerm Gel de Douche Suave para Crian�as 1000mL;
007182BD_01;12;0;7478685;3401360106994;Bioderma: S�bium Sensitive Hidratante para Pele Acneica e Sensivel 30mL;
003485BD_01;23;0;6936310;3701129802069;Bioderma: Atoderm Intensive B�lsamo Calmante Pele At�pica 200mL;
005989BD_07;18;0;7496455;3701129810194;Bioderma: Atoderm �leo de Duche Nutritivo Anti-Irrita��es 500mL;
005444BD_01;29;0;6980920;3401329447687;Bioderma: Hydrabio Creme Hidratante Peles Secas a Muito Secas e Sens�veis 50mL;
015299BD_03;20;0;7119867;3701129803462;Bioderma: Photphotoderm Nude Touch Protetor Mineral 40mL Golden SPF50+;
015300BD_01;18;0;7119727;3701129804438;Bioderma: Photoderm Stick Zonas Sens�veis 8g SPF50+;
015295BD_01;25;0;7119586;3701129803523;Bioderma: Photoderm Creme 40mL SPF50;
005989BD_08;25;0;7525279;3701129807330;Bioderma: Atoderm �leo de Duche Nutritivo Anti-Irrita��es 1000mL Refill;
015302BD_02;32;0;7401026;3701129806623;Bioderma: Photoderm Leite Ultra 100mL SPF50+;
016540BD_01;17;0;6386433;3401360212237;Bioderma: Sensibio H2O Eye Desmaquilhante Micelar Bif�sico 125mL;
008256BD_02;40;0;7064451;5600714563256;Bioderma: Atoderm Stick Labial para L�bios Secos Ou Desidratados 2x4 g;
000234BD_13;7;0;7525261;3701129807323;Bioderma: Atoderm Gel Douche Suave 1000mL Refill;
000245BD_02;12;0;7275636;5600714563638;Bioderma: Sensibio Ds Creme Dermatite Seborreica 40 mL + Sensibio Gel Moussant 100 mL;
000285BD_01;12;0;6936591;3701129800997;Bioderma: ABCDerm Shampoo Suave para Crian�as 200mL;
000225BD_01;31;0;6750877;3401344957253;Bioderma: Nod� DS+ Shampoo Dermatite Seborreica 125mL;
015313BD_01;32;0;7119933;3701129803691;Bioderma: Photoderm Akn Mat Peles Mistas a Oleosas com Acne 40mL SPF30;
015305BD_01;31;0;7119578;3701129806616;Bioderma: Photoderm Bruma 150mL SPF50+;
000227BD_05;19;0;6475475;3401353791220;Bioderma: Sebium Gel de Limpeza Pele Oleosa 100mL;
015315BD_01;10;0;7119883;3701129803738;Bioderma: Photoderm Spot Age Ps Gel-Creme Anti-Manchas 40mL SPF50+;
005441BD_01;14;0;6980904;3401329447977;Bioderma: Hydrabio Perfecteur Creme Hidratante Aperfei�oador da Pele 40mL SPF30;
015049BD_01;15;0;7088203;3701129804452;Bioderma: Sensibio Defensive Creme Ativo Calmante 40mL;
004278BD_03;26;0;7478602;3401560912807;Bioderma: Atoderm Intensive Gel Moussant para Banho 1000mL;
019370BD_01;20;0;7303578;;Bioderma: Sebium S�rum 30mL;
021917BD_01;43;0;7525634;3701129812518;Bioderma: Sensibio AR+ Bi-S�rum 30mL;
016541BD_02;19;0;7276683;5600714563645;Bioderma: Sebium Kerato + 30 mL + Gel Moussant Actif 200 mL;
014729BD_01;12;0;6755587;3701129803400;Bioderma: Sebium Gel Moussant Actif Limpeza da Pele Oleosa 200mL;
000241BD_01;5;0;6923508;3701129804049;Bioderma: Sensibio AR BB Cream Peles com Vermelhid�o 40mL;
000252BD_01;14;0;6584763;3401381682361;Bioderma: S�bium Mat Control Fluido Matificante 30mL;
015050BD_01;4;0;7088278;3701129804469;Bioderma: Sensibio Defensive Rich Creme Ativo Calmante 40mL;
007182BD_02;18;0;6238121;5600757718767;Bioderma: S�bium Sensitive Hidratante 30 mL + Gel Moussant 100 mL;
000268BD_02;5;0;7266551;3701129803806;Bioderma: Photoderm Compacto 10g Dor�e / Golden SPF50;
008256BD_01;29;0;7479394;3701129804957;Bioderma: Atoderm Stick Labial para L�bios Secos Ou Desidratados 4g;
000251BD_03;3;0;7500025;5600714563935;Bioderma: S�bium Hydra Creme Hidratante Pele Oleosa;
013415BD_01;14;0;6386417;3701129802670;Bioderma: Atoderm Intensive Gel Creme 500mL;
015301BD_03;10;0;7266635;3701129807415;Bioderma: Photoderm Cover Touch 40g Mineral Very Light SPF50;
000252BD_02;9;0;7478693;5600757718453;Bioderma: S�bium Mat Control Fluido Matificante 30 mL + Gel Moussant 100 mL;
011230BD_01;7;0;6287490;3701129801369;Bioderma: Sebium Night Peel Concentrado Peeling 40mL;
007181BD_02;42;0;6037556;3401528546341;Bioderma: Atoderm SOS Spray Calmante e Anti-Prurido 200mL;
000288BD_02;4;0;6330613;3401353767218;Bioderma: ABCDerm Leite Hidratante de Corpo para Crian�as 500mL;
015433BD_01;1;0;7122176;3701129804711;Bioderma: Cicabio M�os B�lsamo Reparador 50mL;
000226BD_01;8;0;6584755;3401572288297;Bioderma: Sebium H2O Solu��o Micelar 250mL Normal;
000227BD_06;12;0;6921403;3401353806399;Bioderma: Sebium Gel de Limpeza Pele Oleosa 200 mL;
015303BD_02;12;0;7119701;3701129807279;Bioderma: Photoderm Spray Protetor Solar de Corpo 200mL SPF50+;
000234BD_02;4;0;6867580;3401399373237;Bioderma: Atoderm Gel Douche Suave 200mL;
013415BD_02;3;0;6386409;3701129802663;Bioderma: Atoderm Intensive Gel Creme 200mL;
000255BD_02;1;0;6545764;3401573697197;Bioderma: Nod� Shampoo Flu�do Uso Frequente 400mL;
000233BD_03;1;0;7479386;3401399373527;Bioderma: Atoderm Pain Intensive Sabonete Dermatol�gico 150g;
015304BD_02;10;0;7119693;3701129803653;Bioderma: Photoderm Spray Protetor Solar de Corpo 200mL SPF30;
017545BD_01;11;0;7266593;3701129807293;Bioderma: Photoderm Pediatrics Leite Protector Solar para Crian�as 200mL SPF50+;
020304BD_01;2;0;7379958;3701129809334;Bioderma: Hydrabio Hyalu+ S�rum 30mL;
006306BD_01;4;0;7479378;3701129802083;Bioderma: Atoderm B�lsamo Intensivo Apaziguante para Rosto 75mL;
000295BD_02;16;0;6856450;3401340652619;Bioderma: Atoderm PP B�lsamo Emoliente Pele At�pica 500mL;
015304BD_01;4;0;7487264;3701129807255;Bioderma: Photoderm Spray Protetor Solar de Corpo 300mL SPF30;
018375BD_01;7;0;7291450;3701129807934;Bioderma: Atoderm �leo 2 em 1 150mL;
000287BD_10;3;0;7064394;5600714563195;Bioderma: ABCDerm H20 Solu��o Micelar para Beb�s 1000mL;
000261BD_01;13;0;6868356;3701129804193;Bioderma: Atoderm Creme de M�os Reparador 50mL;
000258BD_01;15;0;6893586;3401396545132;Bioderma: Nod� A Shampoo Apaziguante 400mL;
000258BD_04;4;0;6954156;5600757718132;Bioderma: Nod� a Shampoo Apaziguante 400 mL;
023603BD_03;8;0;7537316;3701129813638;Bioderma: Photoderm Xdefense Ultra-Fluid Protetor Solar 40mL 02 SPF50+;
015304BD_03;21;0;3701129803660v;;Bioderma: Photoderm Spray Protetor Solar de Corpo 400mL SPF30 Expiration Date: 2025-06-25;
006755BD_01;3;0;7478669;3401360145207;Bioderma: S�bium Global Cover Cuidado Anti-Imperfei��es Pele Acneica 30mL;
000226BD_08;1;0;6867267;3401395376935;Bioderma: Sebium H2O Solu��o Limpeza Micelar Pele Oelosa a Mista 100mL Normal;
015310BD_01;6;0;7119560;3701129803813;Bioderma: Photoderm Autobronzeador Bruma 150mL;
023603BD_04;2;0;7537324;3701129813645;Bioderma: Photoderm Xdefense Ultra-Fluid Protetor Solar 40mL 03 SPF50+;
019370BD_02;4;0;7525071;5600358010031;Bioderma: Sebium S�rum 30mL + �gua Micelar 100mL;
000234BD_10;1;0;6386383;3401354309233;Bioderma: Atoderm Gel Douche Suave 100mL;
000255BD_03;7;0;6916445;5600757718460;Bioderma: Nod� Shampoo Flu�do Uso Frequente 400 mL;
000287BD_01;1;0;6936468;3701129801987;Bioderma: ABCDerm H20 Solu��o Micelar para Beb�s 1000mL;
024153BD_01;2;0;7543975;3701129812426;Bioderma: Cicabio Repara��o dos L�bios 10mL;
015306BD_01;7;0;7119875;3701129806609;Bioderma: Photoderm Bruma Invis�vel 150mL SPF30;
015314BD_03;9;0;7119651;3701129804421;Bioderma: Photoderm M 40mL Dor� Bronz SPF50+;
005440BD_06;15;0;6980888scart;;Bioderma: Hydrabio S�rum para Peles Sensiveis Desidratadas 40mL no outside box;
015307BD_03;10;0;7119982v;;Bioderma: Photoderm Protetor Mineral Fluido 75g SPF50+ Expiration Date: 2025-09-21;
005439BD_01;1;0;6980854;3401528521157;Bioderma: Hydrabio H2O Solu��o Limpeza Micelar Peles Sens�veis e Desidratadas 100mL;
000287BD_03;4;0;6936443;3701129801994;Bioderma: ABCDerm H20 Solu��o Micelar 100mL;
015301BD_04;1;0;7266569;3701129807422;Bioderma: Photoderm Cover Touch 40g Mineral Braun SPF50;
015303BD_06;8;0;7119701v;;Bioderma: Photoderm Spray Protetor Solar de Corpo 200mL SPF50+ Expiration Date: 2025-08-25;
024194BD_01;4;0;7550376;3701129813430;Bioderma: Sensibio AR+ SOS Spray 70mL;
021916BD_01;4;0;7525626;3701129812488;Bioderma: Sensibio AR+ Gel Micelar 250mL;
015295BD_02;1;0;7119586v;;Bioderma: Photoderm Creme 40mL SPF50 Expiration Date: 2025-10-30;
000292BD_03;1;0;3401577538373v;;Bioderma: ABCDerm Babysquam Creme para a Crosta L�ctea 40mL Expiration Date: 2025-05-25;
000261BD_04;1;0;6947101v;;Bioderma: Atoderm Creme de M�os Reparador 2x50mL 1&nbsp;un. Expiration Date: 2025-10-30;
000225BD_08;1;0;6750877scart;;Bioderma: Nod� DS+ Shampoo Dermatite Seborreica 125mL no outside box;
015299BD_06;1;0;7266601v;;Bioderma: Photoderm Nude Touch Protetor Mineral 40mL Brown SPF50+ Expiration Date: 2025-07-25;

